product_id,sku,product_name,category_id,brand,unit_price,cost_price,stock_quantity,weight_kg,is_active,created_at
1,SKU-01-0001,AutoEdge Piston Kit,1,AutoEdge,25.02,10.48,114,3.57,1,2020-05-19 00:00:00
2,SKU-01-0002,AutoEdge Crankshaft,1,AutoEdge,387.5,138.7,47,5.54,1,2020-01-07 00:00:00
3,SKU-01-0003,NovaDrive Connecting Rod,1,NovaDrive,136.44,69.92,279,10.55,1,2020-03-12 00:00:00
4,SKU-01-0004,MotorPro Camshaft,1,MotorPro,495.39,193.16,216,8.57,1,2020-03-27 00:00:00
5,SKU-01-0005,AutoEdge Cylinder Head,1,AutoEdge,68.44,25.61,433,8.66,1,2020-01-12 00:00:00
6,SKU-01-0006,SpeedCore Engine Block,1,SpeedCore,352.71,209.26,193,2.06,1,2020-06-09 00:00:00
7,SKU-01-0007,ApexParts Valve Cover,1,ApexParts,576.56,253.92,98,17.64,1,2020-02-28 00:00:00
8,SKU-01-0008,TurboTech Oil Pan,1,TurboTech,640.52,361.14,443,2.61,1,2020-06-11 00:00:00
9,SKU-01-0009,PeakEngine Timing Cover,1,PeakEngine,113.25,49.7,343,6.75,1,2020-06-14 00:00:00
10,SKU-01-0010,AutoEdge Rocker Arm,1,AutoEdge,399.44,156.89,373,6.2,1,2020-03-10 00:00:00
11,SKU-01-0011,NovaDrive Lifter Kit,1,NovaDrive,149.76,64.56,393,19.42,1,2020-01-09 00:00:00
12,SKU-01-0012,PeakEngine Engine Mount,1,PeakEngine,266.14,97.55,467,23.58,1,2020-03-21 00:00:00
13,SKU-01-0013,PrimeMech Harmonic Balancer,1,PrimeMech,429.13,192.64,468,16.11,1,2020-02-05 00:00:00
14,SKU-01-0014,PrimeMech Flywheel,1,PrimeMech,486.53,235.84,382,14.66,1,2020-04-12 00:00:00
15,SKU-01-0015,PeakEngine Flexplate,1,PeakEngine,149.57,89.65,260,12.39,1,2020-01-29 00:00:00
16,SKU-01-0016,DriveForce Push Rod,1,DriveForce,411.18,225.33,216,14.95,1,2020-06-01 00:00:00
17,SKU-01-0017,SpeedCore Wrist Pin,1,SpeedCore,348.15,206.37,440,23.57,1,2020-01-30 00:00:00
18,SKU-01-0018,NovaDrive Piston Ring Set,1,NovaDrive,490.3,265.82,174,2.88,1,2020-04-26 00:00:00
19,SKU-01-0019,MotorPro Engine Rebuild Kit,1,MotorPro,620.39,352.98,134,24.3,1,2020-05-09 00:00:00
20,SKU-01-0020,AutoEdge Short Block Assembly,1,AutoEdge,566.99,240.75,327,12.74,1,2020-04-05 00:00:00
21,SKU-02-0021,DriveForce Fuel Injector,2,DriveForce,354.73,193.21,271,22.97,1,2020-05-05 00:00:00
22,SKU-02-0022,MotorPro Fuel Pump,2,MotorPro,80.7,35.57,425,20.19,1,2020-03-02 00:00:00
23,SKU-02-0023,ApexParts Carburetor,2,ApexParts,615.98,228.78,248,20.42,0,2020-05-16 00:00:00
24,SKU-02-0024,DriveForce Fuel Pressure Regulator,2,DriveForce,91.29,42.8,281,4.21,1,2020-06-04 00:00:00
25,SKU-02-0025,IronClad Throttle Body,2,IronClad,627.15,365.14,386,18.28,1,2020-03-20 00:00:00
26,SKU-02-0026,IronClad Fuel Rail,2,IronClad,646.88,331.51,224,22.5,1,2020-03-04 00:00:00
27,SKU-02-0027,PrimeMech Fuel Filter,2,PrimeMech,50.03,17.77,283,5.83,1,2020-01-19 00:00:00
28,SKU-02-0028,MotorPro EGR Valve,2,MotorPro,155.74,89.76,440,8.33,1,2020-03-12 00:00:00
29,SKU-02-0029,SpeedCore Mass Air Flow Sensor,2,SpeedCore,146.32,56.05,478,22.07,1,2020-03-03 00:00:00
30,SKU-02-0030,SpeedCore Idle Air Control Valve,2,SpeedCore,526.6,209.38,49,16.51,1,2020-04-15 00:00:00
31,SKU-02-0031,SpeedCore Fuel Tank,2,SpeedCore,562.71,204.57,334,24.61,1,2020-04-13 00:00:00
32,SKU-02-0032,PeakEngine Fuel Cap,2,PeakEngine,522.17,197.02,98,4.84,1,2020-04-18 00:00:00
33,SKU-02-0033,DriveForce Vapor Canister,2,DriveForce,187.54,77.35,472,1.98,1,2020-05-20 00:00:00
34,SKU-02-0034,AutoEdge Fuel Sending Unit,2,AutoEdge,41.42,24.84,428,0.47,1,2020-03-01 00:00:00
35,SKU-02-0035,DriveForce Throttle Position Sensor,2,DriveForce,269.5,126.76,442,10.09,1,2020-04-07 00:00:00
36,SKU-02-0036,MotorPro Intake Manifold,2,MotorPro,640.57,266.67,401,19.65,1,2020-06-27 00:00:00
37,SKU-02-0037,NovaDrive Fuel Injector Cleaner,2,NovaDrive,433.25,204.35,97,7.49,0,2020-05-28 00:00:00
38,SKU-02-0038,NovaDrive Fuel Line Kit,2,NovaDrive,48.06,20.59,25,14.65,1,2020-05-15 00:00:00
39,SKU-02-0039,DriveForce Priming Pump,2,DriveForce,45.45,21.68,435,4.73,1,2020-06-21 00:00:00
40,SKU-02-0040,PrimeMech Throttle Cable,2,PrimeMech,267.81,156.78,291,6.23,1,2020-06-07 00:00:00
41,SKU-03-0041,AutoEdge Spark Plug,3,AutoEdge,277.71,137.72,267,7.98,1,2020-06-20 00:00:00
42,SKU-03-0042,PeakEngine Ignition Coil,3,PeakEngine,161.99,72.72,343,16.17,1,2020-01-19 00:00:00
43,SKU-03-0043,MotorPro Distributor Cap,3,MotorPro,302.75,181.53,51,1.92,1,2020-03-08 00:00:00
44,SKU-03-0044,DriveForce Rotor,3,DriveForce,607.21,346.24,450,6.18,1,2020-04-22 00:00:00
45,SKU-03-0045,NovaDrive Ignition Wire Set,3,NovaDrive,459.96,231.32,413,16.38,1,2020-05-21 00:00:00
46,SKU-03-0046,TurboTech Crankshaft Position Sensor,3,TurboTech,606.25,227.89,449,3.44,1,2020-01-28 00:00:00
47,SKU-03-0047,NovaDrive Camshaft Position Sensor,3,NovaDrive,108.63,45.67,107,17.97,1,2020-06-11 00:00:00
48,SKU-03-0048,TurboTech Knock Sensor,3,TurboTech,332.96,137.44,464,21.17,1,2020-04-18 00:00:00
49,SKU-03-0049,TurboTech Ignition Control Module,3,TurboTech,37.25,16.14,66,15.96,1,2020-04-23 00:00:00
50,SKU-03-0050,NovaDrive Distributor,3,NovaDrive,461.32,226.15,57,1.97,1,2020-02-08 00:00:00
51,SKU-03-0051,NovaDrive Ignition Switch,3,NovaDrive,32.08,14.19,282,3.79,1,2020-03-19 00:00:00
52,SKU-03-0052,PeakEngine Starter Motor,3,PeakEngine,585.24,321.31,440,1.09,1,2020-06-23 00:00:00
53,SKU-03-0053,PrimeMech Starter Solenoid,3,PrimeMech,436.49,191.37,286,22.11,1,2020-06-07 00:00:00
54,SKU-03-0054,DriveForce Glow Plug,3,DriveForce,602.4,246.49,83,24.41,1,2020-04-15 00:00:00
55,SKU-03-0055,MotorPro Ignition Timing Light,3,MotorPro,123.96,72.04,400,23.28,1,2020-03-04 00:00:00
56,SKU-03-0056,TurboTech Coil Pack,3,TurboTech,111.04,58.33,195,21.82,1,2020-02-26 00:00:00
57,SKU-03-0057,PrimeMech Ignition Condenser,3,PrimeMech,532.42,247.62,156,20.53,1,2020-02-27 00:00:00
58,SKU-03-0058,MotorPro Points Set,3,MotorPro,432.07,194.27,142,21.62,0,2020-03-12 00:00:00
59,SKU-03-0059,PeakEngine High Performance Coil,3,PeakEngine,420.18,189.05,431,13.45,1,2020-01-30 00:00:00
60,SKU-03-0060,TurboTech Ignition Key Cylinder,3,TurboTech,123.45,72.91,135,1.05,1,2020-03-29 00:00:00
61,SKU-04-0061,PeakEngine Radiator,4,PeakEngine,288.72,172.09,59,9.69,1,2020-03-06 00:00:00
62,SKU-04-0062,MotorPro Water Pump,4,MotorPro,463.32,162.36,473,20.18,1,2020-06-20 00:00:00
63,SKU-04-0063,PrimeMech Thermostat,4,PrimeMech,242.46,89.1,340,23.03,1,2020-06-18 00:00:00
64,SKU-04-0064,AutoEdge Coolant Reservoir,4,AutoEdge,470.35,199.94,158,16.71,1,2020-06-27 00:00:00
65,SKU-04-0065,TurboTech Radiator Fan,4,TurboTech,364.37,145.0,340,23.52,1,2020-02-14 00:00:00
66,SKU-04-0066,ApexParts Fan Clutch,4,ApexParts,373.79,168.77,426,0.11,1,2020-04-20 00:00:00
67,SKU-04-0067,ApexParts Radiator Cap,4,ApexParts,397.86,171.3,226,11.11,1,2020-05-01 00:00:00
68,SKU-04-0068,DriveForce Heater Core,4,DriveForce,431.31,181.56,339,15.86,1,2020-03-01 00:00:00
69,SKU-04-0069,TurboTech Coolant Temperature Sensor,4,TurboTech,152.98,61.16,12,1.25,0,2020-06-05 00:00:00
70,SKU-04-0070,AutoEdge Radiator Hose (Upper),4,AutoEdge,300.91,171.98,294,4.94,1,2020-05-06 00:00:00
71,SKU-04-0071,IronClad Radiator Hose (Lower),4,IronClad,165.38,85.01,2,22.33,1,2020-01-28 00:00:00
72,SKU-04-0072,IronClad Bypass Hose,4,IronClad,149.27,82.25,356,13.0,1,2020-03-04 00:00:00
73,SKU-04-0073,AutoEdge Coolant Flush Kit,4,AutoEdge,301.58,165.98,341,13.33,1,2020-03-22 00:00:00
74,SKU-04-0074,SpeedCore Electric Fan Controller,4,SpeedCore,401.7,212.83,258,10.73,1,2020-04-24 00:00:00
75,SKU-04-0075,DriveForce Intercooler,4,DriveForce,485.67,227.62,132,18.82,1,2020-03-11 00:00:00
76,SKU-04-0076,NovaDrive Oil Cooler,4,NovaDrive,319.62,130.98,225,2.03,1,2020-03-10 00:00:00
77,SKU-04-0077,PeakEngine Transmission Cooler,4,PeakEngine,213.92,103.76,70,3.86,1,2020-02-09 00:00:00
78,SKU-04-0078,PrimeMech Fan Shroud,4,PrimeMech,50.16,22.67,277,11.7,1,2020-04-17 00:00:00
79,SKU-04-0079,IronClad Coolant Bleeder,4,IronClad,588.99,292.15,356,0.59,1,2020-05-27 00:00:00
80,SKU-04-0080,IronClad Pressure Tester Kit,4,IronClad,314.73,184.33,152,18.86,1,2020-04-17 00:00:00
81,SKU-05-0081,NovaDrive Catalytic Converter,5,NovaDrive,488.15,237.5,308,22.46,1,2020-03-10 00:00:00
82,SKU-05-0082,IronClad Muffler,5,IronClad,320.29,143.24,342,17.01,1,2020-02-12 00:00:00
83,SKU-05-0083,SpeedCore Exhaust Manifold,5,SpeedCore,598.42,356.17,273,0.77,1,2020-05-24 00:00:00
84,SKU-05-0084,MotorPro Oxygen Sensor,5,MotorPro,62.8,28.71,443,11.6,1,2020-04-07 00:00:00
85,SKU-05-0085,PeakEngine Exhaust Pipe,5,PeakEngine,144.66,62.45,389,22.0,1,2020-04-17 00:00:00
86,SKU-05-0086,TurboTech Flex Pipe,5,TurboTech,544.17,254.44,383,13.53,0,2020-03-30 00:00:00
87,SKU-05-0087,PrimeMech Resonator,5,PrimeMech,425.73,232.15,333,1.1,1,2020-03-04 00:00:00
88,SKU-05-0088,PrimeMech Exhaust Clamp Kit,5,PrimeMech,546.94,276.39,122,3.24,1,2020-05-24 00:00:00
89,SKU-05-0089,PrimeMech Exhaust Header,5,PrimeMech,307.08,127.15,188,4.28,1,2020-01-30 00:00:00
90,SKU-05-0090,DriveForce Tail Pipe,5,DriveForce,627.38,236.54,13,23.23,1,2020-04-06 00:00:00
91,SKU-05-0091,IronClad EGR Tube,5,IronClad,612.47,244.73,303,17.3,1,2020-01-27 00:00:00
92,SKU-05-0092,TurboTech Exhaust Manifold Gasket,5,TurboTech,554.03,277.07,61,19.93,1,2020-01-11 00:00:00
93,SKU-05-0093,PeakEngine Muffler Hanger,5,PeakEngine,350.48,180.63,35,12.7,1,2020-04-17 00:00:00
94,SKU-05-0094,SpeedCore Exhaust Tip,5,SpeedCore,76.64,45.23,325,22.3,1,2020-02-09 00:00:00
95,SKU-05-0095,IronClad Down Pipe,5,IronClad,121.89,58.56,333,6.83,1,2020-05-17 00:00:00
96,SKU-05-0096,SpeedCore Cold Air Intake,5,SpeedCore,306.97,170.81,303,6.78,1,2020-01-23 00:00:00
97,SKU-05-0097,TurboTech Performance Exhaust Kit,5,TurboTech,574.12,235.94,237,14.29,1,2020-03-27 00:00:00
98,SKU-05-0098,MotorPro Exhaust Stud Kit,5,MotorPro,325.84,140.52,249,5.38,1,2020-03-28 00:00:00
99,SKU-05-0099,TurboTech Exhaust Wrap,5,TurboTech,573.28,301.14,141,13.94,1,2020-02-18 00:00:00
100,SKU-05-0100,AutoEdge Lambda Sensor,5,AutoEdge,163.7,73.93,284,18.98,1,2020-06-14 00:00:00
101,SKU-06-0101,SpeedCore Transmission Filter,6,SpeedCore,296.27,104.97,150,5.62,1,2020-03-19 00:00:00
102,SKU-06-0102,ApexParts Torque Converter,6,ApexParts,245.53,119.91,176,10.7,1,2020-03-25 00:00:00
103,SKU-06-0103,PeakEngine Clutch Kit,6,PeakEngine,459.52,191.95,128,5.84,1,2020-03-21 00:00:00
104,SKU-06-0104,AutoEdge Flywheel,6,AutoEdge,485.18,285.15,353,4.71,1,2020-05-03 00:00:00
105,SKU-06-0105,TurboTech Shift Fork,6,TurboTech,473.45,281.3,268,14.96,0,2020-02-19 00:00:00
106,SKU-06-0106,TurboTech Synchronizer Ring,6,TurboTech,154.81,61.13,7,17.73,1,2020-01-12 00:00:00
107,SKU-06-0107,MotorPro Transmission Mount,6,MotorPro,363.69,190.7,64,15.98,1,2020-01-27 00:00:00
108,SKU-06-0108,MotorPro Shift Linkage,6,MotorPro,376.97,176.18,225,8.58,0,2020-03-05 00:00:00
109,SKU-06-0109,SpeedCore Transfer Case,6,SpeedCore,82.12,30.08,251,1.94,1,2020-01-14 00:00:00
110,SKU-06-0110,DriveForce CV Joint,6,DriveForce,104.63,51.34,155,2.22,1,2020-05-22 00:00:00
111,SKU-06-0111,IronClad Drive Shaft,6,IronClad,397.64,217.78,115,19.41,1,2020-04-23 00:00:00
112,SKU-06-0112,TurboTech U-Joint Kit,6,TurboTech,560.36,334.82,156,14.26,1,2020-01-26 00:00:00
113,SKU-06-0113,PrimeMech Differential Cover,6,PrimeMech,409.95,170.61,41,4.01,1,2020-01-20 00:00:00
114,SKU-06-0114,DriveForce Ring and Pinion Set,6,DriveForce,10.71,4.95,304,11.8,1,2020-03-14 00:00:00
115,SKU-06-0115,TurboTech Axle Shaft,6,TurboTech,459.61,213.03,351,5.91,1,2020-06-09 00:00:00
116,SKU-06-0116,ApexParts Output Shaft Seal,6,ApexParts,432.81,252.51,217,2.96,1,2020-02-08 00:00:00
117,SKU-06-0117,TurboTech Manual Transmission,6,TurboTech,538.86,198.22,84,19.84,1,2020-05-25 00:00:00
118,SKU-06-0118,TurboTech Automatic Transmission,6,TurboTech,290.49,135.71,155,17.52,1,2020-05-08 00:00:00
119,SKU-06-0119,NovaDrive Pressure Plate,6,NovaDrive,325.51,120.47,20,22.25,1,2020-06-03 00:00:00
120,SKU-06-0120,TurboTech Clutch Slave Cylinder,6,TurboTech,25.57,10.41,345,20.92,1,2020-01-06 00:00:00
121,SKU-07-0121,TurboTech Alternator,7,TurboTech,378.36,204.61,89,11.82,1,2020-03-12 00:00:00
122,SKU-07-0122,DriveForce Battery,7,DriveForce,648.03,297.43,416,12.34,1,2020-03-30 00:00:00
123,SKU-07-0123,IronClad Voltage Regulator,7,IronClad,222.64,115.22,439,4.1,1,2020-05-06 00:00:00
124,SKU-07-0124,TurboTech ABS Sensor,7,TurboTech,433.71,195.22,389,13.8,1,2020-03-21 00:00:00
125,SKU-07-0125,TurboTech MAP Sensor,7,TurboTech,216.21,128.11,206,21.64,1,2020-01-01 00:00:00
126,SKU-07-0126,NovaDrive Throttle Body Sensor,7,NovaDrive,305.12,110.93,265,9.11,1,2020-06-09 00:00:00
127,SKU-07-0127,SpeedCore Oil Pressure Sensor,7,SpeedCore,496.14,198.9,281,3.36,1,2020-06-27 00:00:00
128,SKU-07-0128,SpeedCore Temperature Sender,7,SpeedCore,86.82,51.51,311,20.0,1,2020-03-20 00:00:00
129,SKU-07-0129,NovaDrive Oxygen Sensor (Wideband),7,NovaDrive,17.76,8.03,115,24.81,1,2020-04-28 00:00:00
130,SKU-07-0130,AutoEdge VSS Sensor,7,AutoEdge,424.17,164.79,477,17.94,1,2020-03-10 00:00:00
131,SKU-07-0131,IronClad Reverse Light Switch,7,IronClad,544.05,323.74,124,11.47,1,2020-02-18 00:00:00
132,SKU-07-0132,ApexParts Neutral Safety Switch,7,ApexParts,334.77,190.76,442,1.84,1,2020-04-16 00:00:00
133,SKU-07-0133,PeakEngine Relay Kit,7,PeakEngine,607.84,289.9,420,0.16,1,2020-05-30 00:00:00
134,SKU-07-0134,ApexParts Fuse Box,7,ApexParts,649.29,306.73,76,11.22,1,2020-03-26 00:00:00
135,SKU-07-0135,NovaDrive Wiring Harness,7,NovaDrive,497.99,221.26,477,8.11,1,2020-06-27 00:00:00
136,SKU-07-0136,PrimeMech Ground Strap Kit,7,PrimeMech,375.51,153.35,397,10.33,1,2020-05-01 00:00:00
137,SKU-07-0137,IronClad ECU Module,7,IronClad,256.47,132.32,420,16.34,1,2020-01-10 00:00:00
138,SKU-07-0138,DriveForce Body Control Module,7,DriveForce,330.96,164.67,445,2.6,1,2020-01-26 00:00:00
139,SKU-07-0139,NovaDrive Fuel Level Sensor,7,NovaDrive,592.58,209.68,73,10.31,1,2020-02-09 00:00:00
140,SKU-07-0140,AutoEdge Brake Light Switch,7,AutoEdge,309.93,183.57,173,15.62,1,2020-01-21 00:00:00
141,SKU-08-0141,PeakEngine Oil Filter,8,PeakEngine,555.34,313.68,194,23.86,1,2020-05-04 00:00:00
142,SKU-08-0142,NovaDrive Air Filter,8,NovaDrive,32.0,11.75,323,17.14,1,2020-02-28 00:00:00
143,SKU-08-0143,AutoEdge Cabin Air Filter,8,AutoEdge,287.17,107.58,324,17.63,1,2020-02-12 00:00:00
144,SKU-08-0144,TurboTech Transmission Fluid,8,TurboTech,588.08,212.59,407,1.5,1,2020-04-20 00:00:00
145,SKU-08-0145,DriveForce Engine Oil (5L),8,DriveForce,165.52,74.98,349,19.83,1,2020-01-21 00:00:00
146,SKU-08-0146,ApexParts Power Steering Fluid,8,ApexParts,567.2,286.39,123,12.49,1,2020-02-29 00:00:00
147,SKU-08-0147,SpeedCore Brake Fluid,8,SpeedCore,417.89,194.27,341,0.33,1,2020-03-14 00:00:00
148,SKU-08-0148,NovaDrive Coolant (Pre-mixed),8,NovaDrive,110.25,50.76,176,24.69,1,2020-04-18 00:00:00
149,SKU-08-0149,TurboTech Fuel System Cleaner,8,TurboTech,301.82,128.43,196,21.35,1,2020-04-07 00:00:00
150,SKU-08-0150,ApexParts Differential Fluid,8,ApexParts,239.08,101.36,358,7.45,0,2020-06-17 00:00:00
151,SKU-08-0151,IronClad Transfer Case Fluid,8,IronClad,184.93,90.89,351,19.48,0,2020-06-04 00:00:00
152,SKU-08-0152,SpeedCore Hydraulic Fluid,8,SpeedCore,542.84,312.53,397,19.99,1,2020-03-31 00:00:00
153,SKU-08-0153,PrimeMech PCV Valve,8,PrimeMech,417.06,210.71,347,18.91,1,2020-06-23 00:00:00
154,SKU-08-0154,DriveForce Breather Filter,8,DriveForce,411.7,237.08,330,1.08,1,2020-01-09 00:00:00
155,SKU-08-0155,ApexParts Crankcase Vent Filter,8,ApexParts,242.87,92.98,465,7.45,1,2020-02-14 00:00:00
156,SKU-08-0156,PrimeMech Oil Filter Wrench,8,PrimeMech,93.7,45.43,497,9.21,1,2020-03-10 00:00:00
157,SKU-08-0157,DriveForce Drain Plug Kit,8,DriveForce,173.71,96.61,246,24.19,1,2020-03-27 00:00:00
158,SKU-08-0158,AutoEdge Catch Can Kit,8,AutoEdge,309.19,114.04,386,24.17,1,2020-06-21 00:00:00
159,SKU-08-0159,IronClad Fuel Additive,8,IronClad,629.01,346.68,187,2.35,1,2020-03-08 00:00:00
160,SKU-08-0160,NovaDrive Flush Kit,8,NovaDrive,88.21,39.0,383,16.84,1,2020-06-12 00:00:00
161,SKU-09-0161,PeakEngine Timing Belt Kit,9,PeakEngine,78.44,32.04,12,15.53,1,2020-03-24 00:00:00
162,SKU-09-0162,ApexParts Serpentine Belt,9,ApexParts,150.89,55.2,421,11.66,1,2020-06-15 00:00:00
163,SKU-09-0163,IronClad V-Belt,9,IronClad,83.78,30.27,19,7.68,1,2020-01-25 00:00:00
164,SKU-09-0164,PrimeMech Timing Chain Kit,9,PrimeMech,577.72,221.8,232,9.34,1,2020-06-27 00:00:00
165,SKU-09-0165,NovaDrive Drive Belt Tensioner,9,NovaDrive,277.65,148.7,79,22.15,1,2020-05-05 00:00:00
166,SKU-09-0166,ApexParts Idler Pulley,9,ApexParts,270.59,159.07,16,17.29,1,2020-04-23 00:00:00
167,SKU-09-0167,PrimeMech Belt Tensioner Spring,9,PrimeMech,557.33,208.91,351,9.25,1,2020-06-14 00:00:00
168,SKU-09-0168,PeakEngine Cam Chain Guide,9,PeakEngine,47.8,20.03,495,3.14,1,2020-04-26 00:00:00
169,SKU-09-0169,AutoEdge Chain Tensioner,9,AutoEdge,433.82,221.43,305,24.28,1,2020-03-26 00:00:00
170,SKU-09-0170,PrimeMech Timing Belt Tensioner,9,PrimeMech,642.82,351.46,105,1.81,1,2020-02-23 00:00:00
171,SKU-09-0171,ApexParts Stretch Belt,9,ApexParts,147.41,83.64,168,19.38,1,2020-06-01 00:00:00
172,SKU-09-0172,MotorPro Poly V-Belt,9,MotorPro,186.72,111.29,66,13.55,1,2020-01-29 00:00:00
173,SKU-09-0173,MotorPro Fan Belt,9,MotorPro,93.48,41.09,403,6.02,1,2020-02-14 00:00:00
174,SKU-09-0174,TurboTech Power Steering Belt,9,TurboTech,42.58,22.8,269,2.93,1,2020-04-24 00:00:00
175,SKU-09-0175,PeakEngine A/C Belt,9,PeakEngine,337.98,127.51,257,5.62,1,2020-06-17 00:00:00
176,SKU-09-0176,NovaDrive Belt Dressing,9,NovaDrive,202.34,103.36,15,1.61,1,2020-04-12 00:00:00
177,SKU-09-0177,IronClad Timing Belt Cover Gasket,9,IronClad,448.78,212.08,465,11.14,1,2020-03-23 00:00:00
178,SKU-09-0178,ApexParts Primary Chain Set,9,ApexParts,104.07,39.71,319,15.86,1,2020-03-24 00:00:00
179,SKU-09-0179,IronClad Secondary Chain Set,9,IronClad,646.55,312.05,232,12.69,1,2020-06-28 00:00:00
180,SKU-09-0180,AutoEdge Cam Belt Kit,9,AutoEdge,555.63,284.89,393,13.83,1,2020-04-20 00:00:00
181,SKU-10-0181,SpeedCore Head Gasket Set,10,SpeedCore,578.26,262.21,423,11.39,1,2020-01-25 00:00:00
182,SKU-10-0182,PeakEngine Full Gasket Set,10,PeakEngine,282.55,145.87,191,23.84,1,2020-05-01 00:00:00
183,SKU-10-0183,AutoEdge Valve Cover Gasket,10,AutoEdge,67.47,25.05,221,2.5,1,2020-02-03 00:00:00
184,SKU-10-0184,NovaDrive Exhaust Manifold Gasket,10,NovaDrive,47.44,27.95,287,8.31,1,2020-03-31 00:00:00
185,SKU-10-0185,IronClad Intake Manifold Gasket,10,IronClad,565.44,299.83,495,7.26,1,2020-01-27 00:00:00
186,SKU-10-0186,ApexParts Oil Pan Gasket,10,ApexParts,334.24,129.91,246,5.68,1,2020-05-22 00:00:00
187,SKU-10-0187,PeakEngine Rear Main Seal,10,PeakEngine,82.63,34.68,115,20.2,1,2020-06-08 00:00:00
188,SKU-10-0188,ApexParts Front Crankshaft Seal,10,ApexParts,441.65,216.05,311,23.23,1,2020-03-09 00:00:00
189,SKU-10-0189,MotorPro Camshaft Seal,10,MotorPro,124.64,65.52,158,23.05,1,2020-02-16 00:00:00
190,SKU-10-0190,DriveForce Timing Cover Gasket,10,DriveForce,372.0,167.47,72,18.55,0,2020-01-24 00:00:00
191,SKU-10-0191,NovaDrive Water Pump Gasket,10,NovaDrive,146.89,66.83,174,4.02,1,2020-03-24 00:00:00
192,SKU-10-0192,ApexParts Thermostat Gasket,10,ApexParts,391.17,223.29,79,4.02,1,2020-06-21 00:00:00
193,SKU-10-0193,AutoEdge Transmission Pan Gasket,10,AutoEdge,183.41,94.55,248,15.22,1,2020-02-25 00:00:00
194,SKU-10-0194,NovaDrive Axle Shaft Seal,10,NovaDrive,81.95,37.49,145,16.99,1,2020-05-14 00:00:00
195,SKU-10-0195,TurboTech Differential Seal Kit,10,TurboTech,38.1,17.1,306,1.46,1,2020-02-24 00:00:00
196,SKU-10-0196,DriveForce Valve Stem Seal Kit,10,DriveForce,498.82,210.68,61,0.29,1,2020-02-14 00:00:00
197,SKU-10-0197,DriveForce Rubber Seal Strip,10,DriveForce,252.7,132.9,256,14.01,1,2020-03-31 00:00:00
198,SKU-10-0198,AutoEdge O-Ring Kit,10,AutoEdge,263.51,141.11,223,0.57,1,2020-03-21 00:00:00
199,SKU-10-0199,ApexParts Injector O-Ring Kit,10,ApexParts,284.16,128.19,327,10.5,1,2020-01-06 00:00:00
200,SKU-10-0200,PeakEngine Multi-Layer Steel HG,10,PeakEngine,119.16,69.94,235,20.82,1,2020-01-23 00:00:00
